<?xml version="1.0" encoding="UTF-8" ?>
<beans:beans xmlns:beans="http://www.springframework.org/schema/beans"
 xmlns:xsi="http://www.w3.org/2001/XMLSchema-instance" xmlns:oauth="http://www.springframework.org/schema/security/oauth2"
 xmlns:context="http://www.springframework.org/schema/context"
 xmlns:sec="http://www.springframework.org/schema/security" xmlns:mvc="http://www.springframework.org/schema/mvc"
 xsi:schemaLocation="http://www.springframework.org/schema/security/oauth2 http://www.springframework.org/schema/security/spring-security-oauth2-2.0.xsd
  http://www.springframework.org/schema/mvc http://www.springframework.org/schema/mvc/spring-mvc-3.2.xsd
  http://www.springframework.org/schema/security http://www.springframework.org/schema/security/spring-security-3.2.xsd 
  http://www.springframework.org/schema/beans http://www.springframework.org/schema/beans/spring-beans-4.1.xsd
  http://www.springframework.org/schema/context http://www.springframework.org/schema/context/spring-context-4.1.xsd">

 <!-- This is default url to get a token from OAuth -->
 <http pattern="/oauth/token" create-session="stateless"
  authentication-manager-ref="clientAuthenticationManager"
  xmlns="http://www.springframework.org/schema/security">
  <intercept-url pattern="/oauth/token" access="IS_AUTHENTICATED_FULLY" />
  <anonymous enabled="false" />
  <http-basic entry-point-ref="clientAuthenticationEntryPoint" />
  <!-- include this only if you need to authenticate clients via request 
   parameters -->
  <custom-filter ref="clientCredentialsTokenEndpointFilter"
   after="BASIC_AUTH_FILTER" />
  <access-denied-handler ref="oauthAccessDeniedHandler" />
 </http>

 <!-- This is where we tells spring security what URL should be protected 
  and what roles have access to them -->
 <http pattern="/api/**" create-session="never"
  entry-point-ref="oauthAuthenticationEntryPoint"
  access-decision-manager-ref="accessDecisionManager"
  xmlns="http://www.springframework.org/schema/security">
  <anonymous enabled="false" />
  <intercept-url pattern="/api/**" access="ROLE_APP" />
  <custom-filter ref="resourceServerFilter" before="PRE_AUTH_FILTER" />
  <access-denied-handler ref="oauthAccessDeniedHandler" />
 </http>
 <beans:bean id="oauthAuthenticationEntryPoint"
  class="org.springframework.security.oauth2.provider.error.OAuth2AuthenticationEntryPoint">
  <beans:property name="realmName" value="test" />
 </beans:bean>

 <beans:bean id="clientAuthenticationEntryPoint"
  class="org.springframework.security.oauth2.provider.error.OAuth2AuthenticationEntryPoint">
  <beans:property name="realmName" value="test/client" />
  <beans:property name="typeName" value="Basic" />
 </beans:bean>

 <beans:bean id="oauthAccessDeniedHandler"
  class="org.springframework.security.oauth2.provider.error.OAuth2AccessDeniedHandler" />

 <beans:bean id="clientCredentialsTokenEndpointFilter"
  class="org.springframework.security.oauth2.provider.client.ClientCredentialsTokenEndpointFilter">
  <beans:property name="authenticationManager" ref="clientAuthenticationManager" />
 </beans:bean>

 <beans:bean id="accessDecisionManager" class="org.springframework.security.access.vote.UnanimousBased"
  xmlns="http://www.springframework.org/schema/beans">
  <beans:constructor-arg>
   <beans:list>
    <beans:bean class="org.springframework.security.oauth2.provider.vote.ScopeVoter" />
    <beans:bean class="org.springframework.security.access.vote.RoleVoter" />
    <beans:bean class="org.springframework.security.access.vote.AuthenticatedVoter" />
   </beans:list>
  </beans:constructor-arg>
 </beans:bean>

 <authentication-manager id="clientAuthenticationManager"
  xmlns="http://www.springframework.org/schema/security">
  <authentication-provider user-service-ref="clientDetailsUserService" />
 </authentication-manager>

 <authentication-manager alias="authenticationManager"
  xmlns="http://www.springframework.org/schema/security">
  <authentication-provider>
   <user-service>
    <user name="sapna" password="sapna@123" authorities="ROLE_APP" />
   </user-service>
  </authentication-provider>
 </authentication-manager>

 <beans:bean id="clientDetailsUserService"
  class="org.springframework.security.oauth2.provider.client.ClientDetailsUserDetailsService">
  <beans:constructor-arg ref="clientDetails" />
 </beans:bean>

 <beans:bean id="tokenStore"
  class="org.springframework.security.oauth2.provider.token.InMemoryTokenStore" />

 <beans:bean id="tokenServices"
  class="org.springframework.security.oauth2.provider.token.DefaultTokenServices">
  <beans:property name="tokenStore" ref="tokenStore" />
  <beans:property name="supportRefreshToken" value="true" />
  <beans:property name="accessTokenValiditySeconds" value="120" />
  <beans:property name="clientDetailsService" ref="clientDetails" />
 </beans:bean>

 <beans:bean id="userApprovalHandler"
  class="org.springframework.security.oauth2.provider.approval.TokenServicesUserApprovalHandler">
  <beans:property name="tokenServices" ref="tokenServices" />
 </beans:bean>

 <oauth:authorization-server
  client-details-service-ref="clientDetails" token-services-ref="tokenServices"
  user-approval-handler-ref="userApprovalHandler">
  <oauth:authorization-code />
  <oauth:implicit />
  <oauth:refresh-token />
  <oauth:client-credentials />
  <oauth:password />
 </oauth:authorization-server>

 <oauth:resource-server id="resourceServerFilter"
  resource-id="test" token-services-ref="tokenServices" />

 <oauth:client-details-service id="clientDetails">
  <oauth:client client-id="restapp"
   authorized-grant-types="authorization_code,client_credentials"
   authorities="ROLE_APP" scope="read,write,trust" secret="secret" />

  <oauth:client client-id="restapp"
   authorized-grant-types="password,authorization_code,refresh_token,implicit"
   secret="restapp" authorities="ROLE_APP" />

 </oauth:client-details-service>

 <sec:global-method-security
  pre-post-annotations="enabled" proxy-target-class="true">
  <sec:expression-handler ref="oauthExpressionHandler" />
 </sec:global-method-security>

 <oauth:expression-handler id="oauthExpressionHandler" />
 <oauth:web-expression-handler id="oauthWebExpressionHandler" />
</beans:beans>